{
    "dataset": "v1-curated-100",
    "models": {
        "CNN_Only": {
            "f1_mean": 0.0,
            "f1_std": 0.0,
            "auprc_mean": 0.8333333333333334,
            "auprc_std": 0.0,
            "ece_mean": 0.3333333333333333,
            "ece_std": 5.551115123125783e-17,
            "brier_mean": 0.25,
            "brier_std": 0.0,
            "nll_mean": 0.6931471824645996,
            "nll_std": 0.0,
            "parameters": 1485605,
            "flops": 11249664.0,
            "inference_ms": 2.4771690368652344,
            "gpu_memory_mb": 0.0,
            "delta_f1": 0.0,
            "delta_auprc": 0.0,
            "delta_ece": 0.0,
            "delta_nll": 0.0
        },
        "Transformer_Only": {
            "f1_mean": 0.0,
            "f1_std": 0.0,
            "auprc_mean": 0.8333333333333334,
            "auprc_std": 0.0,
            "ece_mean": 0.3333333333333333,
            "ece_std": 5.551115123125783e-17,
            "brier_mean": 0.25,
            "brier_std": 0.0,
            "nll_mean": 0.6931471824645996,
            "nll_std": 0.0,
            "parameters": 1485605,
            "flops": 11249664.0,
            "inference_ms": 1.6798973083496094,
            "gpu_memory_mb": 0.0,
            "delta_f1": 0.0,
            "delta_auprc": 0.0,
            "delta_ece": 0.0,
            "delta_nll": 0.0
        },
        "Physics_Only": {
            "f1_mean": 0.0,
            "f1_std": 0.0,
            "auprc_mean": 0.8333333333333334,
            "auprc_std": 0.0,
            "ece_mean": 0.3333333333333333,
            "ece_std": 5.551115123125783e-17,
            "brier_mean": 0.25,
            "brier_std": 0.0,
            "nll_mean": 0.6931471824645996,
            "nll_std": 0.0,
            "parameters": 1485605,
            "flops": 11249664.0,
            "inference_ms": 2.2225379943847656,
            "gpu_memory_mb": 0.0,
            "delta_f1": 0.0,
            "delta_auprc": 0.0,
            "delta_ece": 0.0,
            "delta_nll": 0.0
        },
        "CNN_Transformer": {
            "f1_mean": 0.0,
            "f1_std": 0.0,
            "auprc_mean": 0.8333333333333334,
            "auprc_std": 0.0,
            "ece_mean": 0.3333333333333333,
            "ece_std": 5.551115123125783e-17,
            "brier_mean": 0.25,
            "brier_std": 0.0,
            "nll_mean": 0.6931471824645996,
            "nll_std": 0.0,
            "parameters": 1485605,
            "flops": 11249664.0,
            "inference_ms": 2.112865447998047,
            "gpu_memory_mb": 0.0,
            "delta_f1": 0.0,
            "delta_auprc": 0.0,
            "delta_ece": 0.0,
            "delta_nll": 0.0
        },
        "Full_EvoMoE": {
            "f1_mean": 0.0,
            "f1_std": 0.0,
            "auprc_mean": 0.8333333333333334,
            "auprc_std": 0.0,
            "ece_mean": 0.3333333333333333,
            "ece_std": 5.551115123125783e-17,
            "brier_mean": 0.25,
            "brier_std": 0.0,
            "nll_mean": 0.6931471824645996,
            "nll_std": 0.0,
            "parameters": 1485605,
            "flops": 11249664.0,
            "inference_ms": 2.448558807373047,
            "gpu_memory_mb": 0.0
        }
    }
}