{
    "dataset": "v1-curated-100",
    "models": {
        "CNN": {
            "f1_mean": 0.9090909090909091,
            "f1_std": 0.0,
            "auprc_mean": 0.81,
            "auprc_std": 0.0,
            "ece_mean": 0.08940108617146807,
            "ece_std": 0.012305152363554974,
            "brier_mean": 0.14708221952120462,
            "brier_std": 0.0021052249415649724,
            "nll_mean": 0.49620222051938373,
            "nll_std": 0.014497229643940667
        },
        "ResNet": {
            "f1_mean": 0.9090909090909091,
            "f1_std": 0.0,
            "auprc_mean": 0.9399999999999998,
            "auprc_std": 0.018856180831641284,
            "ece_mean": 0.1783620913823446,
            "ece_std": 0.018850067549348162,
            "brier_mean": 0.17105711499849954,
            "brier_std": 0.006538513072615095,
            "nll_mean": 0.530586838722229,
            "nll_std": 0.014562120935053293
        },
        "Transformer": {
            "f1_mean": 0.9090909090909091,
            "f1_std": 0.0,
            "auprc_mean": 0.8155555555555555,
            "auprc_std": 0.08854098583616232,
            "ece_mean": 0.06637855370839434,
            "ece_std": 0.019830225362961598,
            "brier_mean": 0.14368849992752075,
            "brier_std": 0.0027417605259314882,
            "nll_mean": 0.4750252366065979,
            "nll_std": 0.01631795458864672
        },
        "XGBoost": {
            "f1_mean": 0.9090909090909091,
            "f1_std": 0.0,
            "auprc_mean": 0.8333333333333334,
            "auprc_std": 0.0,
            "ece_mean": 1.9868214962137642e-08,
            "ece_std": 0.0,
            "brier_mean": 0.1388888955116272,
            "brier_std": 0.0,
            "nll_mean": 0.45056119561195374,
            "nll_std": 0.0
        },
        "Classical": {
            "f1_mean": 0.9090909090909091,
            "f1_std": 0.0,
            "auprc_mean": 0.9666666666666665,
            "auprc_std": 1.1102230246251565e-16,
            "ece_mean": 0.15748355786005652,
            "ece_std": 0.0,
            "brier_mean": 0.16114312907059988,
            "brier_std": 7.024474751815672e-09,
            "nll_mean": 0.6847546696662903,
            "nll_std": 0.0
        }
    }
}